{"loss": [1.2068507671356201, 1.0374168157577515, 0.9789111614227295, 0.9058881998062134, 0.8257774114608765], "accuracy": [0.6449999809265137, 0.6850000023841858, 0.6703125238418579, 0.6815624833106995, 0.706250011920929], "val_loss": [0.9329078197479248, 0.8377121090888977, 0.7835782170295715, 0.6438550353050232, 0.6504616737365723], "val_accuracy": [0.701171875, 0.67333984375, 0.7041015625, 0.7763671875, 0.7421875]}